Image Name,Mask Name,New Image Name,New Mask Name
um_000000.png,um_lane_000000.png,000000.png,000000.png
um_000001.png,um_lane_000001.png,000001.png,000001.png
um_000002.png,um_lane_000002.png,000002.png,000002.png
um_000003.png,um_lane_000003.png,000003.png,000003.png
um_000004.png,um_lane_000004.png,000004.png,000004.png
um_000005.png,um_lane_000005.png,000005.png,000005.png
um_000006.png,um_lane_000006.png,000006.png,000006.png
um_000007.png,um_lane_000007.png,000007.png,000007.png
um_000008.png,um_lane_000008.png,000008.png,000008.png
um_000009.png,um_lane_000009.png,000009.png,000009.png
um_000010.png,um_lane_000010.png,000010.png,000010.png
um_000011.png,um_lane_000011.png,000011.png,000011.png
um_000012.png,um_lane_000012.png,000012.png,000012.png
um_000013.png,um_lane_000013.png,000013.png,000013.png
um_000014.png,um_lane_000014.png,000014.png,000014.png
um_000015.png,um_lane_000015.png,000015.png,000015.png
um_000016.png,um_lane_000016.png,000016.png,000016.png
um_000017.png,um_lane_000017.png,000017.png,000017.png
um_000018.png,um_lane_000018.png,000018.png,000018.png
um_000019.png,um_lane_000019.png,000019.png,000019.png
um_000020.png,um_lane_000020.png,000020.png,000020.png
um_000021.png,um_lane_000021.png,000021.png,000021.png
um_000022.png,um_lane_000022.png,000022.png,000022.png
um_000023.png,um_lane_000023.png,000023.png,000023.png
um_000024.png,um_lane_000024.png,000024.png,000024.png
um_000025.png,um_lane_000025.png,000025.png,000025.png
um_000026.png,um_lane_000026.png,000026.png,000026.png
um_000027.png,um_lane_000027.png,000027.png,000027.png
um_000028.png,um_lane_000028.png,000028.png,000028.png
um_000029.png,um_lane_000029.png,000029.png,000029.png
um_000030.png,um_lane_000030.png,000030.png,000030.png
um_000031.png,um_lane_000031.png,000031.png,000031.png
um_000032.png,um_lane_000032.png,000032.png,000032.png
um_000033.png,um_lane_000033.png,000033.png,000033.png
um_000034.png,um_lane_000034.png,000034.png,000034.png
um_000035.png,um_lane_000035.png,000035.png,000035.png
um_000036.png,um_lane_000036.png,000036.png,000036.png
um_000037.png,um_lane_000037.png,000037.png,000037.png
um_000038.png,um_lane_000038.png,000038.png,000038.png
um_000039.png,um_lane_000039.png,000039.png,000039.png
um_000040.png,um_lane_000040.png,000040.png,000040.png
um_000041.png,um_lane_000041.png,000041.png,000041.png
um_000042.png,um_lane_000042.png,000042.png,000042.png
um_000043.png,um_lane_000043.png,000043.png,000043.png
um_000044.png,um_lane_000044.png,000044.png,000044.png
um_000045.png,um_lane_000045.png,000045.png,000045.png
um_000046.png,um_lane_000046.png,000046.png,000046.png
um_000047.png,um_lane_000047.png,000047.png,000047.png
um_000048.png,um_lane_000048.png,000048.png,000048.png
um_000049.png,um_lane_000049.png,000049.png,000049.png
um_000050.png,um_lane_000050.png,000050.png,000050.png
um_000051.png,um_lane_000051.png,000051.png,000051.png
um_000052.png,um_lane_000052.png,000052.png,000052.png
um_000053.png,um_lane_000053.png,000053.png,000053.png
um_000054.png,um_lane_000054.png,000054.png,000054.png
um_000055.png,um_lane_000055.png,000055.png,000055.png
um_000056.png,um_lane_000056.png,000056.png,000056.png
um_000057.png,um_lane_000057.png,000057.png,000057.png
um_000058.png,um_lane_000058.png,000058.png,000058.png
um_000059.png,um_lane_000059.png,000059.png,000059.png
um_000060.png,um_lane_000060.png,000060.png,000060.png
um_000061.png,um_lane_000061.png,000061.png,000061.png
um_000062.png,um_lane_000062.png,000062.png,000062.png
um_000063.png,um_lane_000063.png,000063.png,000063.png
um_000064.png,um_lane_000064.png,000064.png,000064.png
um_000065.png,um_lane_000065.png,000065.png,000065.png
um_000066.png,um_lane_000066.png,000066.png,000066.png
um_000067.png,um_lane_000067.png,000067.png,000067.png
um_000068.png,um_lane_000068.png,000068.png,000068.png
um_000069.png,um_lane_000069.png,000069.png,000069.png
um_000070.png,um_lane_000070.png,000070.png,000070.png
um_000071.png,um_lane_000071.png,000071.png,000071.png
um_000072.png,um_lane_000072.png,000072.png,000072.png
um_000073.png,um_lane_000073.png,000073.png,000073.png
um_000074.png,um_lane_000074.png,000074.png,000074.png
um_000075.png,um_lane_000075.png,000075.png,000075.png
um_000076.png,um_lane_000076.png,000076.png,000076.png
um_000077.png,um_lane_000077.png,000077.png,000077.png
um_000078.png,um_lane_000078.png,000078.png,000078.png
um_000079.png,um_lane_000079.png,000079.png,000079.png
um_000080.png,um_lane_000080.png,000080.png,000080.png
um_000081.png,um_lane_000081.png,000081.png,000081.png
um_000082.png,um_lane_000082.png,000082.png,000082.png
um_000083.png,um_lane_000083.png,000083.png,000083.png
um_000084.png,um_lane_000084.png,000084.png,000084.png
um_000085.png,um_lane_000085.png,000085.png,000085.png
um_000086.png,um_lane_000086.png,000086.png,000086.png
um_000087.png,um_lane_000087.png,000087.png,000087.png
um_000088.png,um_lane_000088.png,000088.png,000088.png
um_000089.png,um_lane_000089.png,000089.png,000089.png
um_000090.png,um_lane_000090.png,000090.png,000090.png
um_000091.png,um_lane_000091.png,000091.png,000091.png
um_000092.png,um_lane_000092.png,000092.png,000092.png
um_000093.png,um_lane_000093.png,000093.png,000093.png
um_000094.png,um_lane_000094.png,000094.png,000094.png
umm_000000.png,umm_road_000000.png,000095.png,000095.png
umm_000001.png,umm_road_000001.png,000096.png,000096.png
umm_000002.png,umm_road_000002.png,000097.png,000097.png
umm_000003.png,umm_road_000003.png,000098.png,000098.png
umm_000004.png,umm_road_000004.png,000099.png,000099.png
umm_000005.png,umm_road_000005.png,000100.png,000100.png
umm_000006.png,umm_road_000006.png,000101.png,000101.png
umm_000007.png,umm_road_000007.png,000102.png,000102.png
umm_000008.png,umm_road_000008.png,000103.png,000103.png
umm_000009.png,umm_road_000009.png,000104.png,000104.png
umm_000010.png,umm_road_000010.png,000105.png,000105.png
umm_000011.png,umm_road_000011.png,000106.png,000106.png
umm_000012.png,umm_road_000012.png,000107.png,000107.png
umm_000013.png,umm_road_000013.png,000108.png,000108.png
umm_000014.png,umm_road_000014.png,000109.png,000109.png
umm_000015.png,umm_road_000015.png,000110.png,000110.png
umm_000016.png,umm_road_000016.png,000111.png,000111.png
umm_000017.png,umm_road_000017.png,000112.png,000112.png
umm_000018.png,umm_road_000018.png,000113.png,000113.png
umm_000019.png,umm_road_000019.png,000114.png,000114.png
umm_000020.png,umm_road_000020.png,000115.png,000115.png
umm_000021.png,umm_road_000021.png,000116.png,000116.png
umm_000022.png,umm_road_000022.png,000117.png,000117.png
umm_000023.png,umm_road_000023.png,000118.png,000118.png
umm_000024.png,umm_road_000024.png,000119.png,000119.png
umm_000025.png,umm_road_000025.png,000120.png,000120.png
umm_000026.png,umm_road_000026.png,000121.png,000121.png
umm_000027.png,umm_road_000027.png,000122.png,000122.png
umm_000028.png,umm_road_000028.png,000123.png,000123.png
umm_000029.png,umm_road_000029.png,000124.png,000124.png
umm_000030.png,umm_road_000030.png,000125.png,000125.png
umm_000031.png,umm_road_000031.png,000126.png,000126.png
umm_000032.png,umm_road_000032.png,000127.png,000127.png
umm_000033.png,umm_road_000033.png,000128.png,000128.png
umm_000034.png,umm_road_000034.png,000129.png,000129.png
umm_000035.png,umm_road_000035.png,000130.png,000130.png
umm_000036.png,umm_road_000036.png,000131.png,000131.png
umm_000037.png,umm_road_000037.png,000132.png,000132.png
umm_000038.png,umm_road_000038.png,000133.png,000133.png
umm_000039.png,umm_road_000039.png,000134.png,000134.png
umm_000040.png,umm_road_000040.png,000135.png,000135.png
umm_000041.png,umm_road_000041.png,000136.png,000136.png
umm_000042.png,umm_road_000042.png,000137.png,000137.png
umm_000043.png,umm_road_000043.png,000138.png,000138.png
umm_000044.png,umm_road_000044.png,000139.png,000139.png
umm_000045.png,umm_road_000045.png,000140.png,000140.png
umm_000046.png,umm_road_000046.png,000141.png,000141.png
umm_000047.png,umm_road_000047.png,000142.png,000142.png
umm_000048.png,umm_road_000048.png,000143.png,000143.png
umm_000049.png,umm_road_000049.png,000144.png,000144.png
umm_000050.png,umm_road_000050.png,000145.png,000145.png
umm_000051.png,umm_road_000051.png,000146.png,000146.png
umm_000052.png,umm_road_000052.png,000147.png,000147.png
umm_000053.png,umm_road_000053.png,000148.png,000148.png
umm_000054.png,umm_road_000054.png,000149.png,000149.png
umm_000055.png,umm_road_000055.png,000150.png,000150.png
umm_000056.png,umm_road_000056.png,000151.png,000151.png
umm_000057.png,umm_road_000057.png,000152.png,000152.png
umm_000058.png,umm_road_000058.png,000153.png,000153.png
umm_000059.png,umm_road_000059.png,000154.png,000154.png
umm_000060.png,umm_road_000060.png,000155.png,000155.png
umm_000061.png,umm_road_000061.png,000156.png,000156.png
umm_000062.png,umm_road_000062.png,000157.png,000157.png
umm_000063.png,umm_road_000063.png,000158.png,000158.png
umm_000064.png,umm_road_000064.png,000159.png,000159.png
umm_000065.png,umm_road_000065.png,000160.png,000160.png
umm_000066.png,umm_road_000066.png,000161.png,000161.png
umm_000067.png,umm_road_000067.png,000162.png,000162.png
umm_000068.png,umm_road_000068.png,000163.png,000163.png
umm_000069.png,umm_road_000069.png,000164.png,000164.png
umm_000070.png,umm_road_000070.png,000165.png,000165.png
umm_000071.png,umm_road_000071.png,000166.png,000166.png
umm_000072.png,umm_road_000072.png,000167.png,000167.png
umm_000073.png,umm_road_000073.png,000168.png,000168.png
umm_000074.png,umm_road_000074.png,000169.png,000169.png
umm_000075.png,umm_road_000075.png,000170.png,000170.png
umm_000076.png,umm_road_000076.png,000171.png,000171.png
umm_000077.png,umm_road_000077.png,000172.png,000172.png
umm_000078.png,umm_road_000078.png,000173.png,000173.png
umm_000079.png,umm_road_000079.png,000174.png,000174.png
umm_000080.png,umm_road_000080.png,000175.png,000175.png
umm_000081.png,umm_road_000081.png,000176.png,000176.png
umm_000082.png,umm_road_000082.png,000177.png,000177.png
umm_000083.png,umm_road_000083.png,000178.png,000178.png
umm_000084.png,umm_road_000084.png,000179.png,000179.png
umm_000085.png,umm_road_000085.png,000180.png,000180.png
umm_000086.png,umm_road_000086.png,000181.png,000181.png
umm_000087.png,umm_road_000087.png,000182.png,000182.png
umm_000088.png,umm_road_000088.png,000183.png,000183.png
umm_000089.png,umm_road_000089.png,000184.png,000184.png
umm_000090.png,umm_road_000090.png,000185.png,000185.png
umm_000091.png,umm_road_000091.png,000186.png,000186.png
umm_000092.png,umm_road_000092.png,000187.png,000187.png
umm_000093.png,umm_road_000093.png,000188.png,000188.png
umm_000094.png,umm_road_000094.png,000189.png,000189.png
umm_000095.png,umm_road_000095.png,000190.png,000190.png
uu_000000.png,uu_road_000000.png,000191.png,000191.png
uu_000001.png,uu_road_000001.png,000192.png,000192.png
uu_000002.png,uu_road_000002.png,000193.png,000193.png
uu_000003.png,uu_road_000003.png,000194.png,000194.png
uu_000004.png,uu_road_000004.png,000195.png,000195.png
uu_000005.png,uu_road_000005.png,000196.png,000196.png
uu_000006.png,uu_road_000006.png,000197.png,000197.png
uu_000007.png,uu_road_000007.png,000198.png,000198.png
uu_000008.png,uu_road_000008.png,000199.png,000199.png
uu_000009.png,uu_road_000009.png,000200.png,000200.png
uu_000010.png,uu_road_000010.png,000201.png,000201.png
uu_000011.png,uu_road_000011.png,000202.png,000202.png
uu_000012.png,uu_road_000012.png,000203.png,000203.png
uu_000013.png,uu_road_000013.png,000204.png,000204.png
uu_000014.png,uu_road_000014.png,000205.png,000205.png
uu_000015.png,uu_road_000015.png,000206.png,000206.png
uu_000016.png,uu_road_000016.png,000207.png,000207.png
uu_000017.png,uu_road_000017.png,000208.png,000208.png
uu_000018.png,uu_road_000018.png,000209.png,000209.png
uu_000019.png,uu_road_000019.png,000210.png,000210.png
uu_000020.png,uu_road_000020.png,000211.png,000211.png
uu_000021.png,uu_road_000021.png,000212.png,000212.png
uu_000022.png,uu_road_000022.png,000213.png,000213.png
uu_000023.png,uu_road_000023.png,000214.png,000214.png
uu_000024.png,uu_road_000024.png,000215.png,000215.png
uu_000025.png,uu_road_000025.png,000216.png,000216.png
uu_000026.png,uu_road_000026.png,000217.png,000217.png
uu_000027.png,uu_road_000027.png,000218.png,000218.png
uu_000028.png,uu_road_000028.png,000219.png,000219.png
uu_000029.png,uu_road_000029.png,000220.png,000220.png
uu_000030.png,uu_road_000030.png,000221.png,000221.png
uu_000031.png,uu_road_000031.png,000222.png,000222.png
uu_000032.png,uu_road_000032.png,000223.png,000223.png
uu_000033.png,uu_road_000033.png,000224.png,000224.png
uu_000034.png,uu_road_000034.png,000225.png,000225.png
uu_000035.png,uu_road_000035.png,000226.png,000226.png
uu_000036.png,uu_road_000036.png,000227.png,000227.png
uu_000037.png,uu_road_000037.png,000228.png,000228.png
uu_000038.png,uu_road_000038.png,000229.png,000229.png
uu_000039.png,uu_road_000039.png,000230.png,000230.png
uu_000040.png,uu_road_000040.png,000231.png,000231.png
uu_000041.png,uu_road_000041.png,000232.png,000232.png
uu_000042.png,uu_road_000042.png,000233.png,000233.png
uu_000043.png,uu_road_000043.png,000234.png,000234.png
uu_000044.png,uu_road_000044.png,000235.png,000235.png
uu_000045.png,uu_road_000045.png,000236.png,000236.png
uu_000046.png,uu_road_000046.png,000237.png,000237.png
uu_000047.png,uu_road_000047.png,000238.png,000238.png
uu_000048.png,uu_road_000048.png,000239.png,000239.png
uu_000049.png,uu_road_000049.png,000240.png,000240.png
uu_000050.png,uu_road_000050.png,000241.png,000241.png
uu_000051.png,uu_road_000051.png,000242.png,000242.png
uu_000052.png,uu_road_000052.png,000243.png,000243.png
uu_000053.png,uu_road_000053.png,000244.png,000244.png
uu_000054.png,uu_road_000054.png,000245.png,000245.png
uu_000055.png,uu_road_000055.png,000246.png,000246.png
uu_000056.png,uu_road_000056.png,000247.png,000247.png
uu_000057.png,uu_road_000057.png,000248.png,000248.png
uu_000058.png,uu_road_000058.png,000249.png,000249.png
uu_000059.png,uu_road_000059.png,000250.png,000250.png
uu_000060.png,uu_road_000060.png,000251.png,000251.png
uu_000061.png,uu_road_000061.png,000252.png,000252.png
uu_000062.png,uu_road_000062.png,000253.png,000253.png
uu_000063.png,uu_road_000063.png,000254.png,000254.png
uu_000064.png,uu_road_000064.png,000255.png,000255.png
uu_000065.png,uu_road_000065.png,000256.png,000256.png
uu_000066.png,uu_road_000066.png,000257.png,000257.png
uu_000067.png,uu_road_000067.png,000258.png,000258.png
uu_000068.png,uu_road_000068.png,000259.png,000259.png
uu_000069.png,uu_road_000069.png,000260.png,000260.png
uu_000070.png,uu_road_000070.png,000261.png,000261.png
uu_000071.png,uu_road_000071.png,000262.png,000262.png
uu_000072.png,uu_road_000072.png,000263.png,000263.png
uu_000073.png,uu_road_000073.png,000264.png,000264.png
uu_000074.png,uu_road_000074.png,000265.png,000265.png
uu_000075.png,uu_road_000075.png,000266.png,000266.png
uu_000076.png,uu_road_000076.png,000267.png,000267.png
uu_000077.png,uu_road_000077.png,000268.png,000268.png
uu_000078.png,uu_road_000078.png,000269.png,000269.png
uu_000079.png,uu_road_000079.png,000270.png,000270.png
uu_000080.png,uu_road_000080.png,000271.png,000271.png
uu_000081.png,uu_road_000081.png,000272.png,000272.png
uu_000082.png,uu_road_000082.png,000273.png,000273.png
uu_000083.png,uu_road_000083.png,000274.png,000274.png
uu_000084.png,uu_road_000084.png,000275.png,000275.png
uu_000085.png,uu_road_000085.png,000276.png,000276.png
uu_000086.png,uu_road_000086.png,000277.png,000277.png
uu_000087.png,uu_road_000087.png,000278.png,000278.png
uu_000088.png,uu_road_000088.png,000279.png,000279.png
uu_000089.png,uu_road_000089.png,000280.png,000280.png
uu_000090.png,uu_road_000090.png,000281.png,000281.png
uu_000091.png,uu_road_000091.png,000282.png,000282.png
uu_000092.png,uu_road_000092.png,000283.png,000283.png
uu_000093.png,uu_road_000093.png,000284.png,000284.png
uu_000094.png,uu_road_000094.png,000285.png,000285.png
uu_000095.png,uu_road_000095.png,000286.png,000286.png
uu_000096.png,uu_road_000096.png,000287.png,000287.png
uu_000097.png,uu_road_000097.png,000288.png,000288.png
